Nr	Somali ord	Kilde	Wikipedia-treff	Godkjent?	Merknad
1	IYO	Kaikki	82904		
2	WAA	Afsoomali + Kaikki	32136		
3	SOO	Afsoomali	30078		
4	WAXAA	Afsoomali	29406		
5	WUXUU	Afsoomali	26291		
6	AYAA	Afsoomali	24931		
7	KALE	Afsoomali	21705		
8	MID	Afsoomali + Kaikki	21466		
9	WAXA	Afsoomali + Kaikki	19142		
10	BADAN	Afsoomali	17473		
11	AAD	Afsoomali	12774		
12	AMA	Afsoomali + Kaikki	11609		
13	SIDA	Afsoomali + Kaikki	10250		
14	CUSUB	Afsoomali + Kaikki	9866		
15	KALA	Afsoomali	9741		
16	DIB	Afsoomali	9642		
17	AAN	Afsoomali	8934		
18	MARKII	Afsoomali	8457		
19	LEH	Afsoomali + Kaikki	8411		
20	BOG	Afsoomali	8406		
21	ILAA	Afsoomali	8248		
22	HORE	Afsoomali	8206		
23	AHAAN	Afsoomali	8162		
24	WAX	Afsoomali + Kaikki	7736		
25	KII	Afsoomali	6300		
26	WEYN	Afsoomali + Kaikki	6076		
27	REER	Afsoomali + Kaikki	5479		
28	INTA	Afsoomali	5233		
29	SARE	Afsoomali	5038		
30	KOONFUR	Afsoomali	4936		
31	SII	Afsoomali + Kaikki	4739		
32	MARKA	Afsoomali + Kaikki	4538		
33	TIXRAAC	Afsoomali	4318		
34	GAAR	Afsoomali + Kaikki	4225		
35	YAR	Afsoomali + Kaikki	4218		
36	GUUD	Afsoomali	3932		
37	DUWAN	Afsoomali + Kaikki	3878		
38	WAXAYNA	Afsoomali	3783		
39	MAGAC	Afsoomali + Kaikki	3742		
40	TIRO	Afsoomali	3673		
41	MAANTA	Afsoomali + Kaikki	3631		
42	QOF	Afsoomali + Kaikki	3570		
43	SANO	Afsoomali	3458		
44	IYADA	Kaikki	3313		
45	MAY	Afsoomali	3268		
46	DAD	Afsoomali + Kaikki	3257		
47	LAAKIIN	Afsoomali	3140		
48	DHAN	Afsoomali + Kaikki	3066		
49	LABA	Afsoomali + Kaikki	2972		
50	HOR	Afsoomali + Kaikki	2897		
51	SOOMAALI	Afsoomali + Kaikki	2890		
52	KUWA	Afsoomali	2870		
53	SAABSAN	Afsoomali	2870		
54	QAYB	Afsoomali + Kaikki	2855		
55	DHEXE	Afsoomali	2847		
56	MEEL	Afsoomali + Kaikki	2822		
57	DHEER	Afsoomali + Kaikki	2800		
58	TIRSAN	Afsoomali	2799		
59	KASTA	Afsoomali	2791		
60	MAR	Afsoomali + Kaikki	2783		
61	HOOSE	Afsoomali	2770		
62	MARGIN	Afsoomali	2700		
63	DHUL	Afsoomali + Kaikki	2620		
64	KOOBAN	Afsoomali	2613		
65	HAL	Afsoomali + Kaikki	2588		
66	CAAN	Afsoomali	2560		
67	TAN	Afsoomali + Kaikki	2536		
68	LABAAD	Afsoomali	2525		
69	SOLID	Afsoomali	2497		
70	GALBEED	Afsoomali + Kaikki	2488		
71	TAAS	Afsoomali	2438		
72	BIYO	Afsoomali + Kaikki	2426		
73	COL	Afsoomali	2407		
74	KAAS	Afsoomali	2346		
75	QAAR	Afsoomali	2335		
76	NOOL	Afsoomali + Kaikki	2299		
77	HOOS	Afsoomali + Kaikki	2271		
78	KUWAAS	Afsoomali	2255		
79	TAARIIKH	Afsoomali	2244		
80	WAQOOYI	Afsoomali + Kaikki	2172		
81	KADIB	Kaikki	2161		
82	BILAABO	Afsoomali	2160		
83	MAGAALO	Afsoomali + Kaikki	2075		
84	HADDII	Afsoomali + Kaikki	2073		
85	FIICAN	Afsoomali + Kaikki	2039		
86	NEBI	Afsoomali	1987		
87	DHOW	Afsoomali	1971		
88	ISAGA	Afsoomali + Kaikki	1962		
89	DHEX	Afsoomali + Kaikki	1960		
90	KARO	Afsoomali	1936		
91	TAG	Afsoomali	1856		
92	CAN	Afsoomali + Kaikki	1843		
93	MILYAN	Afsoomali	1830		
94	MASAR	Afsoomali	1825		
95	DHOWR	Afsoomali	1736		
96	FIIRI	Afsoomali + Kaikki	1724		
97	HAS	Afsoomali	1721		
98	SHEEKH	Afsoomali	1718		
99	NIN	Afsoomali + Kaikki	1687		
100	XUL	Afsoomali	1687		
101	OKTOOBAR	Afsoomali + Kaikki	1650		
102	MAQAAL	Afsoomali	1639		
103	DHAMMAAN	Afsoomali + Kaikki	1638		
104	WADA	Afsoomali	1629		
105	CILMI	Afsoomali	1608		
106	WAY	Afsoomali	1601		
107	SIDII	Afsoomali	1592		
108	DAMBE	Afsoomali	1566		
109	KUWO	Afsoomali	1551		
110	MADAX	Afsoomali + Kaikki	1547		
111	ISKA	Kaikki	1519		
112	XARUNTA	Kaikki	1519		
113	XUBIN	Afsoomali	1516		
114	CARABI	Afsoomali	1515		
115	ABRIIL	Afsoomali + Kaikki	1508		
116	SEE	Afsoomali	1463		
117	AFAR	Afsoomali + Kaikki	1456		
118	DEGMO	Afsoomali	1444		
119	LOW	Afsoomali	1429		
120	DOC	Afsoomali	1427		
121	GOBOL	Afsoomali	1425		
122	SADDEX	Afsoomali + Kaikki	1422		
123	KOR	Afsoomali	1414		
124	SAWIR	Afsoomali	1408		
125	CURIYE	Afsoomali	1385		
126	MAARSO	Afsoomali + Kaikki	1335		
127	HAY	Afsoomali + Kaikki	1328		
128	KOOWAAD	Afsoomali	1310		
129	MUHIIM	Kaikki	1282		
130	LABO	Afsoomali	1269		
131	KAN	Afsoomali + Kaikki	1266		
132	DAGAAL	Afsoomali + Kaikki	1247		
133	TUSAALE	Afsoomali	1245		
134	DHAQAN	Afsoomali + Kaikki	1244		
135	FEBRAAYO	Afsoomali + Kaikki	1239		
136	SHOW	Afsoomali	1230		
137	BAR	Afsoomali + Kaikki	1208		
138	QAAB	Afsoomali	1180		
139	AGOOSTO	Afsoomali + Kaikki	1171		
140	MIN	Afsoomali	1140		
141	DAY	Afsoomali	1138		
142	JIR	Afsoomali + Kaikki	1133		
143	AQOON	Afsoomali	1132		
144	NOOC	Afsoomali + Kaikki	1132		
145	AWOOD	Afsoomali	1125		
146	CAD	Afsoomali + Kaikki	1101		
147	NIDAAMKA	Kaikki	1095		
148	BEEN	Afsoomali + Kaikki	1085		
149	DARAY	Afsoomali	1083		
150	MAAX	Afsoomali + Kaikki	1083		
151	JILAA	Afsoomali	1077		
152	MUDDO	Afsoomali	1072		
153	FILIM	Afsoomali	1067		
154	EEG	Afsoomali + Kaikki	1066		
155	WAS	Afsoomali + Kaikki	1066		
156	WAXEY	Kaikki	1045		
157	GANACSI	Afsoomali	1043		
158	DIIN	Afsoomali + Kaikki	1034		
159	WAR	Afsoomali + Kaikki	1027		
160	XIGASHO	Afsoomali	1011		
161	ADAG	Afsoomali + Kaikki	1004		
162	SIDAAS	Afsoomali	1002		
163	SHAN	Afsoomali + Kaikki	998		
164	SANAD	Afsoomali + Kaikki	990		
165	BIR	Afsoomali + Kaikki	977		
166	GACAN	Afsoomali + Kaikki	974		
167	TOBAN	Afsoomali + Kaikki	962		
168	BIG	Afsoomali	958		
169	JEER	Afsoomali + Kaikki	958		
170	RASMI	Afsoomali	956		
171	CAALAMI	Afsoomali	952		
172	KOOX	Afsoomali	952		
173	CASE	Afsoomali	944		
174	QORAA	Afsoomali	943		
175	CIIDAN	Afsoomali	938		
176	FAARAX	Afsoomali	912		
177	LAMBAR	Afsoomali	912		
178	SHARCI	Afsoomali + Kaikki	910		
179	HAGAAJIN	Afsoomali	901		
180	MAAMUL	Afsoomali	891		
181	SIDO	Afsoomali + Kaikki	891		
182	BAA	Afsoomali + Kaikki	890		
183	JAN	Afsoomali	889		
184	DHAQAALE	Afsoomali	887		
185	ASAL	Afsoomali	880		
186	GINI	Afsoomali	876		
187	SAN	Afsoomali + Kaikki	871		
188	MAADAAMA	Afsoomali	865		
189	KARIN	Afsoomali	856		
190	HEER	Afsoomali	852		
191	SUN	Afsoomali	850		
192	XIRFAD	Afsoomali	847		
193	ROGID	Afsoomali	843		
194	XAAJI	Afsoomali	838		
195	XISAAB	Afsoomali + Kaikki	834		
196	DIR	Afsoomali + Kaikki	832		
197	NUUR	Afsoomali	829		
198	SULDAAN	Afsoomali	829		
199	XILLI	Afsoomali	827		
200	CUNTO	Afsoomali + Kaikki	818		
201	BAAHAN	Afsoomali	801		
202	SHAQO	Afsoomali + Kaikki	794		
203	GOOB	Afsoomali	792		
204	MAALIN	Afsoomali + Kaikki	792		
205	FUDUD	Afsoomali + Kaikki	789		
206	ALLE	Afsoomali	788		
207	DOOR	Afsoomali + Kaikki	788		
208	DAM	Afsoomali	780		
209	KARAAN	Afsoomali	767		
210	MITIR	Afsoomali	767		
211	WAKHTI	Afsoomali	761		
212	LIX	Afsoomali + Kaikki	755		
213	WELI	Afsoomali	755		
214	QAABKA	Afsoomali	747		
215	HAB	Afsoomali	746		
216	BELOW	Afsoomali	745		
217	WALBA	Afsoomali	741		
218	QALABKA	Kaikki	740		
219	DEEGAAN	Afsoomali	737		
220	SHIRKAD	Afsoomali	735		
221	DOONO	Afsoomali	726		
222	JOOGTO	Afsoomali	726		
223	LIKE	Afsoomali	718		
224	DAL	Afsoomali	716		
225	QALIN	Afsoomali + Kaikki	714		
226	WIIL	Afsoomali + Kaikki	711		
227	SAYNIS	Afsoomali	710		
228	BILYAN	Afsoomali	699		
229	BADANAA	Afsoomali	698		
230	DAWLAD	Afsoomali	696		
231	WAYN	Kaikki	694		
232	MAAJO	Afsoomali + Kaikki	693		
233	XOOLO	Afsoomali + Kaikki	686		
234	TII	Afsoomali	683		
235	SIYAAD	Afsoomali	681		
236	MADOW	Afsoomali + Kaikki	679		
237	MUUQAAL	Afsoomali	678		
238	IYAGA	Afsoomali + Kaikki	676		
239	KALI	Afsoomali	674		
240	TOOS	Afsoomali + Kaikki	658		
241	QARAN	Afsoomali	657		
242	JIRIN	Afsoomali	656		
243	BULSHO	Afsoomali	653		
244	MEERE	Afsoomali	650		
245	HEESTA	Kaikki	643		
246	SOKEEYE	Afsoomali	641		
247	LACAG	Afsoomali	640		
248	KELIYA	Afsoomali	631		
249	QORAAL	Afsoomali	629		
250	XAYAWAAN	Afsoomali + Kaikki	610		
251	BOQOR	Afsoomali + Kaikki	608		
252	CAS	Afsoomali + Kaikki	603		
253	BAD	Afsoomali + Kaikki	598		
254	BISHA	Kaikki	595		
255	MAS	Afsoomali + Kaikki	590		
256	HEESAA	Afsoomali	586		
257	JAAMAC	Afsoomali	584		
258	INA	Afsoomali	581		
259	KUN	Afsoomali + Kaikki	581		
260	DOWLAD	Afsoomali	580		
261	HADAL	Afsoomali + Kaikki	574		
262	UGAAS	Afsoomali	573		
263	XARUN	Afsoomali + Kaikki	572		
264	EEBBE	Afsoomali	571		
265	XUN	Afsoomali + Kaikki	571		
266	SIYAASI	Afsoomali	569		
267	GAABAN	Afsoomali + Kaikki	568		
268	QUR	Afsoomali	565		
269	COD	Afsoomali	561		
270	GEN	Afsoomali	560		
271	GOD	Afsoomali	554		
272	HESHIIS	Afsoomali	553		
273	MIDAB	Afsoomali + Kaikki	552		
274	DHEERAAD	Afsoomali	547		
275	CEEL	Afsoomali + Kaikki	546		
276	DHIR	Afsoomali	544		
277	BEEL	Afsoomali	541		
278	CAADI	Afsoomali + Kaikki	541		
279	SANAAG	Afsoomali	539		
280	CALANKA	Kaikki	536		
281	HOOYO	Afsoomali + Kaikki	533		
282	DAB	Afsoomali + Kaikki	532		
283	LUG	Afsoomali + Kaikki	532		
284	SAARO	Afsoomali	528		
285	HORDHAC	Afsoomali	522		
286	IRAN	Afsoomali	522		
287	QAADO	Afsoomali + Kaikki	518		
288	DARO	Afsoomali	515		
289	REEBO	Afsoomali	515		
290	ABWAAN	Afsoomali	514		
291	DAYAX	Afsoomali + Kaikki	504		
292	GARAAD	Afsoomali	504		
293	FOG	Afsoomali + Kaikki	497		
294	NOLOL	Afsoomali	497		
295	XIRIIR	Afsoomali + Kaikki	492		
296	QOYS	Afsoomali	490		
297	XITAA	Afsoomali	488		
298	SHEEKO	Afsoomali + Kaikki	486		
299	GEED	Afsoomali + Kaikki	485		
300	FAR	Afsoomali + Kaikki	481		
301	TUULO	Afsoomali	478		
302	WAAYO	Afsoomali	475		
303	KUMA	Afsoomali	474		
304	DHINAC	Afsoomali + Kaikki	473		
305	LUULIYO	Afsoomali + Kaikki	468		
306	DEGAAN	Afsoomali	465		
307	GUUL	Afsoomali	463		
308	WEERAR	Afsoomali	463		
309	XIRAN	Afsoomali	462		
310	BAXSAN	Afsoomali	460		
311	DUGSI	Afsoomali + Kaikki	460		
312	MAN	Afsoomali	458		
313	MAXAA	Afsoomali + Kaikki	458		
314	ILO	Afsoomali	455		
315	WAAN	Afsoomali + Kaikki	455		
316	WADDAN	Afsoomali	452		
317	DEGGAN	Afsoomali	451		
318	HEES	Afsoomali + Kaikki	450		
319	BURCO	Afsoomali	448		
320	JIRKA	Kaikki	448		
321	MARIN	Afsoomali + Kaikki	446		
322	QORAN	Afsoomali	445		
323	XAD	Afsoomali	445		
324	URUR	Afsoomali	444		
325	XOOG	Afsoomali + Kaikki	444		
326	SALAYSAN	Afsoomali	440		
327	DAR	Afsoomali + Kaikki	438		
328	INKASTA	Afsoomali	438		
329	BIL	Afsoomali	437		
330	NIDAAM	Afsoomali	437		
331	KORONTO	Afsoomali	436		
332	TAAGEERO	Afsoomali	432		
333	GURI	Afsoomali + Kaikki	431		
334	JUQRAAFI	Afsoomali	431		
335	NABAD	Afsoomali + Kaikki	430		
336	BANNAAN	Afsoomali	426		
337	SUGAN	Afsoomali	426		
338	WAQTI	Afsoomali	425		
339	DHACDO	Afsoomali	424		
340	DHAR	Afsoomali	423		
341	LUQAD	Afsoomali	422		
342	RUN	Afsoomali	422		
343	YARAAN	Afsoomali	422		
344	FAL	Afsoomali + Kaikki	421		
345	NOOLE	Afsoomali	416		
346	QOTO	Afsoomali	413		
347	WALI	Afsoomali	413		
348	AAS	Afsoomali	411		
349	BUUG	Afsoomali + Kaikki	411		
350	WAXEE	Afsoomali	411		
351	GOOD	Afsoomali	410		
352	BOQOL	Afsoomali + Kaikki	407		
353	DHAGAX	Afsoomali + Kaikki	407		
354	TAB	Afsoomali	407		
355	TAAGAN	Afsoomali	403		
356	SIYAASAD	Afsoomali	402		
357	SAMAYSAN	Afsoomali	401		
358	BARE	Afsoomali + Kaikki	399		
359	QOYAN	Afsoomali	393		
360	WOQOOYI	Afsoomali	393		
361	ILMO	Afsoomali + Kaikki	392		
362	DAA	Afsoomali + Kaikki	391		
363	AGAASIME	Afsoomali	390		
364	BAH	Afsoomali	390		
365	KAYD	Afsoomali	390		
366	KAA	Afsoomali	388		
367	QOOB	Afsoomali	387		
368	WEBI	Afsoomali + Kaikki	387		
369	FADLAN	Kaikki	386		
370	QABIIL	Afsoomali	386		
371	MIDIG	Afsoomali + Kaikki	385		
372	GAS	Afsoomali	383		
373	IMAAM	Afsoomali	383		
374	TAXANE	Afsoomali	383		
375	MUDO	Afsoomali	381		
376	QURAAN	Afsoomali	379		
377	AYAAN	Afsoomali + Kaikki	378		
378	DEG	Afsoomali	378		
379	BIDIX	Afsoomali + Kaikki	377		
380	RAG	Afsoomali + Kaikki	377		
381	HABAR	Afsoomali	375		
382	DAAHIR	Afsoomali	374		
383	HABBOON	Afsoomali	374		
384	WAREEJI	Afsoomali + Kaikki	373		
385	DHIGO	Afsoomali	371		
386	KULAN	Afsoomali	369		
387	DHAB	Afsoomali	366		
388	DHIS	Afsoomali + Kaikki	362		
389	TIX	Afsoomali	360		
390	CULUS	Afsoomali + Kaikki	359		
391	JOOG	Afsoomali + Kaikki	359		
392	QALAB	Afsoomali + Kaikki	359		
393	AAG	Afsoomali	358		
394	XIRSI	Afsoomali	358		
395	CIGAAL	Afsoomali	357		
396	MACAAN	Afsoomali + Kaikki	356		
397	SHABAAB	Afsoomali	356		
398	DEGDEG	Afsoomali + Kaikki	355		
399	SHAQAALE	Afsoomali + Kaikki	355		
400	ILLAA	Afsoomali	351		
401	DARAN	Afsoomali	350		
402	SAGAAL	Afsoomali + Kaikki	349		
403	IIL	Afsoomali	348		
404	GABADH	Afsoomali + Kaikki	346		
405	ASTAAN	Afsoomali	344		
406	JANNAAYO	Afsoomali + Kaikki	344		
407	ABAAL	Afsoomali	343		
408	ILAAH	Afsoomali	342		
409	BEER	Afsoomali + Kaikki	340		
410	SAX	Afsoomali	340		
411	DIL	Afsoomali + Kaikki	339		
412	DELTA	Afsoomali	338		
413	JECEL	Afsoomali + Kaikki	338		
414	DUUL	Afsoomali + Kaikki	337		
415	DUMAR	Afsoomali	336		
416	CARRUUR	Afsoomali	332		
417	DUL	Afsoomali	332		
418	GABAY	Afsoomali	332		
419	HARO	Afsoomali	332		
420	KUWII	Afsoomali	330		
421	CIID	Afsoomali	328		
422	SALAAD	Afsoomali	327		
423	DHIIG	Afsoomali + Kaikki	323		
424	GOOBO	Afsoomali	322		
425	KULUL	Afsoomali + Kaikki	322		
426	TARTIIB	Afsoomali	321		
427	HORAY	Afsoomali	320		
428	ARDAY	Afsoomali	319		
429	DHAWR	Afsoomali	319		
430	KITAAB	Afsoomali + Kaikki	318		
431	WASIIR	Afsoomali	318		
432	FURAN	Afsoomali	317		
433	ADAN	Afsoomali	316		
434	BINI	Afsoomali	315		
435	SHARIIF	Afsoomali	314		
436	BIXIN	Afsoomali	312		
437	CARAB	Afsoomali	311		
438	DHIGAN	Afsoomali	309		
439	DHAC	Afsoomali + Kaikki	307		
440	DAHAB	Afsoomali + Kaikki	306		
441	SABAB	Afsoomali + Kaikki	306		
442	GUURE	Afsoomali	305		
443	HALIS	Afsoomali	305		
444	DHERER	Afsoomali	304		
445	WAXYAABO	Afsoomali	304		
446	DEN	Afsoomali	303		
447	QABO	Afsoomali + Kaikki	303		
448	AQOONSAN	Afsoomali	302		
449	BUUR	Afsoomali + Kaikki	301		
450	HAA	Afsoomali + Kaikki	301		
451	HAD	Afsoomali	300		
452	LAB	Afsoomali	299		
453	SAMAYN	Afsoomali	297		
454	QARNI	Afsoomali	295		
455	QURXIN	Afsoomali	295		
456	KHALIIF	Afsoomali	294		
457	SALDHIG	Afsoomali	293		
458	XUSAN	Afsoomali	293		
459	MILAN	Afsoomali	292		
460	BANGIGA	Kaikki	291		
461	GAL	Afsoomali + Kaikki	290		
462	BUUXA	Kaikki	288		
463	HORMUUD	Afsoomali	288		
464	OOY	Afsoomali	288		
465	DAREEN	Afsoomali + Kaikki	287		
466	HARAR	Afsoomali	287		
467	CIYAAR	Afsoomali + Kaikki	286		
468	QORI	Afsoomali	286		
469	XOR	Afsoomali	286		
470	DABIICI	Afsoomali	285		
471	JACAYL	Afsoomali	285		
472	DHISAN	Afsoomali	282		
473	MAYL	Afsoomali	282		
474	WADO	Afsoomali	282		
475	XUSUUSIN	Afsoomali	280		
476	CALAAMAD	Afsoomali + Kaikki	278		
477	CID	Afsoomali	278		
478	NEEF	Afsoomali	278		
479	SHAKHSI	Afsoomali	275		
480	MAAN	Afsoomali	273		
481	CAMAR	Afsoomali	272		
482	DIIWAAN	Afsoomali	272		
483	JIDKA	Kaikki	272		
484	TALO	Afsoomali	271		
485	HAWL	Afsoomali	270		
486	MUDAN	Afsoomali	270		
487	SHANAAD	Afsoomali	270		
488	BANDHIG	Afsoomali + Kaikki	269		
489	BEEGAN	Afsoomali	269		
490	GEEL	Afsoomali + Kaikki	266		
491	CAASIMAD	Afsoomali	265		
492	LIIN	Afsoomali + Kaikki	265		
493	XANUUN	Afsoomali	265		
494	FALGAL	Afsoomali	264		
495	HARTI	Afsoomali	264		
496	QORO	Afsoomali	263		
497	GOONI	Afsoomali	261		
498	UUD	Afsoomali	260		
499	BAABUUR	Afsoomali	258		
500	SHARAF	Afsoomali	258		
501	XOG	Afsoomali	256		
502	HUGO	Afsoomali	255		
503	WADAJIR	Afsoomali	255		
504	GEDO	Afsoomali	254		
505	NUGAAL	Afsoomali	254		
506	JIDHKA	Kaikki	253		
507	AFARAAD	Afsoomali	252		
508	SHIIKH	Afsoomali	252		
509	AMAR	Afsoomali	251		
510	FIDSAN	Afsoomali	251		
511	MUDANE	Afsoomali	251		
512	DIYAAR	Afsoomali + Kaikki	249		
513	HANTI	Afsoomali	249		
514	HOY	Afsoomali	249		
515	QURUX	Afsoomali + Kaikki	249		
516	TIIRSAN	Afsoomali	249		
517	TOBNAAD	Afsoomali	249		
518	HODAN	Afsoomali	248		
519	KOW	Afsoomali + Kaikki	247		
520	TALIYE	Afsoomali	247		
521	WADDO	Afsoomali	247		
522	XAQ	Afsoomali	246		
523	XISBI	Afsoomali	246		
524	DARRO	Afsoomali	245		
525	EEY	Afsoomali	245		
526	DID	Afsoomali	243		
527	NIIL	Afsoomali	243		
528	DHIBAATO	Afsoomali	242		
529	JAJAB	Afsoomali	241		
530	SAAR	Afsoomali + Kaikki	241		
531	ATOM	Afsoomali	240		
532	WARBIXIN	Afsoomali	240		
533	ARAGTI	Afsoomali	239		
534	DADBAN	Afsoomali	239		
535	GALAAN	Afsoomali	239		
536	SHIDAAL	Afsoomali	239		
537	WALAAL	Afsoomali + Kaikki	239		
538	DHISO	Afsoomali	238		
539	DUSHA	Kaikki	238		
540	MAYA	Afsoomali	238		
541	SAARAN	Afsoomali	238		
542	MARO	Afsoomali	236		
543	DOON	Afsoomali + Kaikki	235		
544	XEER	Afsoomali + Kaikki	235		
545	HAWO	Afsoomali	234		
546	MAXAY	Afsoomali	233		
547	RASUUL	Afsoomali	233		
548	XAALAD	Afsoomali	233		
549	MACALLIN	Afsoomali	232		
550	SARKAAL	Afsoomali	232		
551	SIMAN	Afsoomali	232		
552	UUN	Afsoomali + Kaikki	232		
553	FILAN	Afsoomali + Kaikki	231		
554	MARKAB	Afsoomali + Kaikki	231		
555	SIIN	Afsoomali + Kaikki	231		
556	CIMILO	Afsoomali	230		
557	MALE	Afsoomali + Kaikki	230		
558	FIX	Afsoomali	229		
559	SAFAR	Afsoomali + Kaikki	229		
560	TAYADA	Afsoomali	229		
561	ANNA	Afsoomali	228		
562	LIXAAD	Afsoomali	228		
563	AMIIR	Afsoomali	227		
564	ANIGA	Afsoomali + Kaikki	227		
565	ASKARI	Afsoomali + Kaikki	227		
566	FARSAMO	Afsoomali	226		
567	SANNAD	Afsoomali	226		
568	HUB	Afsoomali	225		
569	SHAY	Afsoomali	225		
570	SUUGAAN	Afsoomali	225		
571	CIRJEEX	Afsoomali	224		
572	MOOD	Afsoomali + Kaikki	224		
573	QIYAAS	Afsoomali + Kaikki	223		
574	JOWHAR	Afsoomali	222		
575	HIBO	Afsoomali	221		
576	ROOB	Afsoomali + Kaikki	221		
577	WACAN	Afsoomali + Kaikki	221		
578	DHAWAAN	Afsoomali	219		
579	DAN	Afsoomali	218		
580	DHABAN	Afsoomali	218		
581	FOOD	Afsoomali	218		
582	TOOSAN	Afsoomali	218		
583	MAHAD	Afsoomali	217		
584	MURAN	Afsoomali	217		
585	DOORASHO	Afsoomali	216		
586	GALMO	Afsoomali	216		
587	DIYAARAD	Afsoomali	215		
588	MAROODI	Afsoomali	215		
589	SUNNI	Afsoomali	215		
590	BAAXAD	Afsoomali	214		
591	CASRI	Afsoomali + Kaikki	213		
592	AQOONSI	Afsoomali	212		
593	DHISME	Afsoomali	212		
594	SALIID	Afsoomali + Kaikki	212		
595	SAYID	Afsoomali	212		
596	XEERAN	Afsoomali	212		
597	BAABI	Kaikki	211		
598	BAAHSAN	Afsoomali	211		
599	HABEEN	Afsoomali + Kaikki	211		
600	WAREEG	Afsoomali + Kaikki	211		
601	BARBAR	Afsoomali	210		
602	BEERO	Afsoomali	209		
603	HER	Afsoomali	209		
604	SIDDEED	Afsoomali + Kaikki	209		
605	DAALIB	Afsoomali	208		
606	LABAATAN	Afsoomali + Kaikki	208		
607	LUUQAD	Afsoomali	208		
608	DADWEYNE	Afsoomali	207		
609	SHIR	Afsoomali	207		
610	BAARIS	Afsoomali	205		
611	DHOOBO	Afsoomali + Kaikki	205		
612	DOONTA	Kaikki	205		
613	KAARBOON	Afsoomali	205		
614	XAAS	Afsoomali + Kaikki	205		
615	XARAF	Afsoomali	205		
616	AHAY	Kaikki	204		
617	FARXAD	Afsoomali	204		
618	HEERKUL	Afsoomali	204		
619	XAMAR	Afsoomali	204		
620	RUUM	Afsoomali	202		
621	TIRI	Afsoomali + Kaikki	202		
622	AWAL	Afsoomali	201		
623	MARTI	Afsoomali	201		
624	LAF	Afsoomali + Kaikki	200		
625	NIYAD	Afsoomali	200		
626	ARAG	Afsoomali + Kaikki	199		
627	BUS	Afsoomali + Kaikki	199		
628	GOOL	Afsoomali	199		
629	XIL	Afsoomali	199		
630	CAANO	Afsoomali + Kaikki	198		
631	JASIIRAD	Afsoomali + Kaikki	198		
632	MASHRUUC	Afsoomali	197		
633	CAGAAR	Afsoomali + Kaikki	196		
634	KOWAAD	Afsoomali	196		
635	WAKIIL	Afsoomali	196		
636	DISEMBAR	Afsoomali	195		
637	WEY	Afsoomali	195		
638	ABUUR	Afsoomali + Kaikki	194		
639	KHATAR	Afsoomali	194		
640	MAAL	Afsoomali + Kaikki	194		
641	XOOGAA	Afsoomali	194		
642	YEELAN	Afsoomali	194		
643	DHAFAN	Afsoomali	193		
644	GELIN	Afsoomali	193		
645	SAARI	Afsoomali	193		
646	SHAHAADO	Afsoomali	193		
647	ADIGA	Afsoomali + Kaikki	192		
648	SIR	Afsoomali	192		
649	GARAB	Afsoomali	191		
650	SHAAH	Afsoomali + Kaikki	191		
651	AFRAAD	Afsoomali	190		
652	SUUQ	Afsoomali	190		
653	EREY	Afsoomali	189		
654	KEENO	Afsoomali	189		
655	ALLA	Afsoomali	188		
656	CAGAARAN	Afsoomali + Kaikki	188		
657	DHICI	Afsoomali	187		
658	JILICSAN	Afsoomali + Kaikki	187		
659	MACNO	Afsoomali	187		
660	MAAMULE	Afsoomali	186		
661	DAGAN	Afsoomali	185		
662	KEENI	Kaikki	185		
663	XAASHI	Afsoomali	185		
664	AMMAAN	Afsoomali	184		
665	BAL	Afsoomali	184		
666	DAAWO	Afsoomali + Kaikki	184		
667	TOGO	Afsoomali	184		
668	KUWAN	Afsoomali	183		
669	MAD	Afsoomali	183		
670	WADAR	Afsoomali	183		
671	HILIB	Afsoomali + Kaikki	182		
672	YEERO	Afsoomali	182		
673	DABAR	Afsoomali + Kaikki	181		
674	DHAW	Afsoomali	181		
675	MAHDI	Afsoomali	181		
676	ADEEG	Afsoomali	180		
677	DHALASHO	Afsoomali	180		
678	GUUR	Afsoomali + Kaikki	179		
679	YAA	Afsoomali	179		
680	BUULO	Afsoomali	178		
681	DHIMASHO	Afsoomali	178		
682	FIQI	Afsoomali	178		
683	GAARI	Afsoomali	178		
684	IMAN	Kaikki	178		
685	MACDAN	Afsoomali	178		
686	DALXIIS	Afsoomali	177		
687	HABAYN	Afsoomali	177		
688	JIRAA	Afsoomali	177		
689	SIDEE	Afsoomali	177		
690	BIYOOD	Afsoomali	176		
691	LAAN	Afsoomali	176		
692	CABSI	Afsoomali	175		
693	CELIN	Afsoomali	175		
694	SAAMAYN	Afsoomali	175		
695	DAQIIQO	Afsoomali	174		
696	DUNI	Afsoomali + Kaikki	174		
697	HAWEEN	Afsoomali	174		
698	MAQAN	Afsoomali	174		
699	YAAB	Afsoomali + Kaikki	174		
700	ASAGA	Kaikki	173		
701	BIXI	Afsoomali + Kaikki	173		
702	MAGAN	Afsoomali + Kaikki	173		
703	NAAG	Afsoomali + Kaikki	173		
704	RAACSAN	Afsoomali	173		
705	DEKED	Afsoomali	172		
706	GAAS	Afsoomali	172		
707	TAYO	Afsoomali	172		
708	DHAKHTAR	Afsoomali	171		
709	HALBEEG	Afsoomali	171		
710	JIRI	Afsoomali	171		
711	MAQAALO	Afsoomali	171		
712	TAA	Afsoomali	171		
713	BARAF	Afsoomali + Kaikki	170		
714	GARSOORE	Afsoomali	170		
715	GELI	Afsoomali + Kaikki	170		
716	SAL	Afsoomali	170		
717	TODDOBA	Afsoomali + Kaikki	170		
718	ABSHIR	Afsoomali	169		
719	MADOOW	Afsoomali	169		
720	SHAQAYN	Afsoomali	169		
721	DHAXAL	Afsoomali	168		
722	GUUTO	Afsoomali	167		
723	QARDHO	Afsoomali	167		
724	BADHAN	Afsoomali + Kaikki	166		
725	GEBI	Afsoomali	166		
726	CAAWIN	Afsoomali	165		
727	QABOW	Afsoomali + Kaikki	165		
728	WARIYE	Afsoomali	165		
729	XEEB	Afsoomali + Kaikki	165		
730	GAADIID	Afsoomali	164		
731	WAALID	Afsoomali	164		
732	NASIIB	Afsoomali + Kaikki	163		
733	QIIMO	Afsoomali + Kaikki	163		
734	SOCOTO	Afsoomali	163		
735	URI	Afsoomali	163		
736	BEDDELO	Afsoomali	162		
737	CAL	Afsoomali + Kaikki	161		
738	DABADEED	Afsoomali + Kaikki	161		
739	DHIB	Afsoomali + Kaikki	161		
740	GABAR	Afsoomali	161		
741	NAASLEY	Afsoomali	161		
742	SHEEGO	Afsoomali	161		
743	ATLAS	Afsoomali	160		
744	CUDUR	Afsoomali + Kaikki	160		
745	QODOBKA	Afsoomali	160		
746	SIDAAN	Afsoomali	160		
747	TUSMO	Afsoomali	160		
748	ADEER	Afsoomali + Kaikki	159		
749	BARWAAQO	Afsoomali + Kaikki	159		
750	DHAAWAC	Afsoomali	159		
751	BAAY	Afsoomali	158		
752	MILE	Afsoomali	158		
753	DHICIN	Afsoomali	157		
754	KHILAAF	Afsoomali	157		
755	MASUUL	Afsoomali	157		
756	ODAY	Afsoomali + Kaikki	156		
757	CADAADIS	Afsoomali	155		
758	DOOD	Afsoomali + Kaikki	155		
759	TILMAAME	Afsoomali	155		
760	CIR	Afsoomali + Kaikki	154		
761	DHACAAN	Afsoomali	154		
762	JIDH	Kaikki	153		
763	WARQAD	Afsoomali + Kaikki	153		
764	XATAA	Afsoomali	153		
765	BAAN	Afsoomali	152		
766	FAN	Afsoomali	152		
767	JILAY	Afsoomali	152		
768	LIBAAX	Afsoomali + Kaikki	152		
769	XADDIDAN	Afsoomali	152		
770	SAY	Afsoomali	151		
771	WAABERI	Afsoomali	151		
772	FAADUMO	Afsoomali	150		
773	OLOLE	Afsoomali	150		
774	TOO	Afsoomali	150		
775	OGSAJIIN	Afsoomali	149		
776	SHIMBIR	Afsoomali + Kaikki	149		
777	SIN	Afsoomali	149		
778	FEDERAAL	Afsoomali	148		
779	FURSAD	Afsoomali	148		
780	GADAAL	Afsoomali + Kaikki	148		
781	KADDIB	Afsoomali + Kaikki	148		
782	OON	Afsoomali	148		
783	TALIN	Afsoomali + Kaikki	148		
784	TARTAN	Afsoomali	148		
785	WARSHAD	Afsoomali	148		
786	NAXARIIS	Afsoomali	147		
787	NUR	Afsoomali	147		
788	RIWAAYAD	Afsoomali	147		
789	CADDAYN	Afsoomali	146		
790	ISBEDDEL	Afsoomali	145		
791	ABID	Afsoomali	144		
792	DEEQ	Afsoomali	144		
793	JAAD	Afsoomali	143		
794	MUG	Afsoomali + Kaikki	143		
795	MUUMIN	Afsoomali	143		
796	RAKAAB	Afsoomali	143		
797	SUR	Afsoomali	143		
798	TAMAR	Afsoomali	143		
799	JAAMACAD	Afsoomali	142		
800	KHAAS	Afsoomali	142		
801	AAYAD	Afsoomali	141		
802	DAAH	Afsoomali	141		
803	KHUDAAR	Afsoomali	141		
804	AAL	Afsoomali	140		
805	HAYAAN	Afsoomali	140		
806	JAB	Afsoomali + Kaikki	140		
807	SUURAD	Afsoomali	140		
808	BARO	Afsoomali + Kaikki	139		
809	JEEX	Afsoomali + Kaikki	139		
810	SAAXIL	Afsoomali	139		
811	WANAAG	Afsoomali + Kaikki	139		
812	YARE	Afsoomali	139		
813	AFARTAN	Afsoomali + Kaikki	138		
814	BED	Afsoomali	138		
815	CINWAAN	Afsoomali	138		
816	MALAY	Kaikki	138		
817	MASJID	Afsoomali	138		
818	BERBER	Afsoomali	137		
819	ILAALIN	Afsoomali	137		
820	KALLUUN	Afsoomali + Kaikki	137		
821	MASAAFO	Afsoomali	137		
822	TEEDSAN	Afsoomali	137		
823	WADAAD	Afsoomali	137		
824	CODSI	Afsoomali	136		
825	CUF	Afsoomali	136		
826	MURAAD	Afsoomali	136		
827	NOFEMBAR	Afsoomali	136		
828	RAMADAAN	Afsoomali	136		
829	SOON	Afsoomali	136		
830	BUURO	Afsoomali	135		
831	DHIG	Afsoomali	135		
832	GAR	Afsoomali	135		
833	GEEDO	Afsoomali	135		
834	MAAMULO	Afsoomali	135		
835	XABSI	Afsoomali	135		
836	CARO	Afsoomali + Kaikki	134		
837	DABAYL	Afsoomali + Kaikki	134		
838	DARAJO	Afsoomali	134		
839	KOOB	Afsoomali + Kaikki	134		
840	BAN	Afsoomali	133		
841	GOOR	Afsoomali	133		
842	INDHO	Kaikki	133		
843	LUUQ	Afsoomali	133		
844	MARI	Afsoomali + Kaikki	133		
845	QARSOODI	Afsoomali	133		
846	QOLOF	Afsoomali	133		
847	WAAJIB	Afsoomali	133		
848	BEDDEL	Afsoomali + Kaikki	132		
849	BILAASH	Afsoomali	132		
850	DHOWAAD	Afsoomali	132		
851	KOON	Afsoomali	132		
852	ARRIN	Afsoomali	131		
853	HUBAYSAN	Afsoomali	131		
854	QALLALAN	Afsoomali	131		
855	DHEERI	Afsoomali	130		
856	KAC	Afsoomali + Kaikki	130		
857	MACQUUL	Afsoomali	130		
858	MAQAL	Afsoomali + Kaikki	130		
859	XAAFAD	Afsoomali + Kaikki	130		
860	DARAASAD	Afsoomali	129		
861	JILIB	Afsoomali + Kaikki	129		
862	KHAATUMO	Afsoomali	129		
863	KUL	Afsoomali	129		
864	LAHAN	Afsoomali	129		
865	WEYNE	Afsoomali	129		
866	AQAL	Afsoomali + Kaikki	128		
867	AYAGA	Kaikki	128		
868	CASAAN	Afsoomali + Kaikki	128		
869	LIIBAAN	Afsoomali	128		
870	QABAY	Afsoomali	128		
871	QALALAN	Kaikki	128		
872	SUXUFI	Afsoomali	128		
873	BAX	Afsoomali + Kaikki	127		
874	BULUUG	Afsoomali + Kaikki	127		
875	FIRE	Afsoomali	127		
876	GOLE	Afsoomali	127		
877	GUN	Afsoomali	127		
878	KHAD	Afsoomali	127		
879	WACAYS	Afsoomali	127		
880	BOGGAN	Afsoomali	126		
881	DHISMO	Afsoomali	126		
882	LAAS	Afsoomali	126		
883	QOR	Afsoomali + Kaikki	126		
884	IMAAN	Afsoomali + Kaikki	125		
885	JOOJIN	Afsoomali	125		
886	NUQUL	Afsoomali	125		
887	ANA	Afsoomali	124		
888	ARKAAN	Afsoomali	124		
889	GUMEYSI	Afsoomali	124		
890	IDIN	Afsoomali	124		
891	ISLAAMI	Afsoomali	124		
892	KURSI	Afsoomali + Kaikki	124		
893	SAMEE	Afsoomali + Kaikki	124		
894	UNUG	Afsoomali	124		
895	WAXBARID	Afsoomali	124		
896	XUSID	Afsoomali	124		
897	BUR	Afsoomali	123		
898	CAQLI	Afsoomali	123		
899	MARAA	Afsoomali	123		
900	AADDAN	Afsoomali	122		
901	FEER	Afsoomali	122		
902	TIMO	Afsoomali + Kaikki	122		
903	DHANAAN	Afsoomali	121		
904	FAALLO	Afsoomali	121		
905	GABYAA	Afsoomali	121		
906	KACDOON	Afsoomali	121		
907	DUURJOOG	Afsoomali	120		
908	GUREY	Afsoomali	120		
909	QASAB	Afsoomali	120		
910	RAACO	Afsoomali	120		
911	CELI	Afsoomali + Kaikki	119		
912	DACWAD	Afsoomali	119		
913	DHAKHSO	Afsoomali	119		
914	DHOWAAN	Afsoomali	119		
915	GUDDI	Afsoomali	119		
916	NATIIJO	Afsoomali	119		
917	TIJAABO	Afsoomali	119		
918	UBAX	Afsoomali + Kaikki	119		
919	XAFLAD	Afsoomali	119		
920	XERO	Afsoomali	119		
921	BALLAN	Afsoomali	118		
922	IFTIIN	Afsoomali + Kaikki	118		
923	JAWAAB	Afsoomali + Kaikki	118		
924	KOOBI	Afsoomali	118		
925	OOL	Afsoomali	118		
926	RUUX	Afsoomali	118		
927	TIIR	Afsoomali	118		
928	WAJIGA	Kaikki	118		
929	XAGAL	Afsoomali	118		
930	YAHAN	Afsoomali	118		
931	FOOL	Afsoomali	117		
932	IDIL	Afsoomali	117		
933	QARSOON	Afsoomali	117		
934	FARAS	Afsoomali + Kaikki	116		
935	HAWEENEY	Afsoomali	116		
936	MALAHA	Afsoomali	116		
937	QANI	Afsoomali	116		
938	TAREEN	Afsoomali	116		
939	XUKUN	Afsoomali + Kaikki	116		
940	SAAXIIB	Afsoomali + Kaikki	115		
941	DUSAA	Afsoomali	114		
942	GARAN	Afsoomali	114		
943	HIRAAB	Afsoomali	114		
944	XIISO	Afsoomali	114		
945	DADAAL	Afsoomali + Kaikki	113		
946	DHIMAN	Afsoomali	113		
947	HAN	Afsoomali	113		
948	INJIIL	Afsoomali	113		
949	JIN	Afsoomali	113		
950	KELI	Afsoomali	113		
951	NAFAQO	Afsoomali	113		
952	QAALI	Afsoomali + Kaikki	113		
953	QOL	Afsoomali	113		
954	BIIRO	Afsoomali	112		
955	CABO	Afsoomali	112		
956	CAJIIB	Afsoomali	112		
957	DHALIN	Afsoomali	112		
958	EED	Afsoomali	112		
959	JIIDASHO	Afsoomali	112		
960	KAALIN	Afsoomali	112		
961	KANAAL	Afsoomali	112		
962	KHABIIR	Afsoomali	112		
963	MAXKAMAD	Afsoomali	112		
964	NUS	Afsoomali	112		
965	QORSHE	Afsoomali	112		
966	SOLO	Afsoomali	112		
967	BURBUR	Afsoomali + Kaikki	111		
968	MATAAN	Afsoomali	111		
969	QARAABO	Afsoomali	111		
970	RAAD	Afsoomali + Kaikki	111		
971	SAXAN	Afsoomali	111		
972	SUMCAD	Afsoomali	111		
973	BILAA	Kaikki	110		
974	BUUNDO	Afsoomali	110		
975	CAYR	Afsoomali	110		
976	DULMAR	Afsoomali	110		
977	FIIRO	Afsoomali	110		
978	IGBO	Afsoomali	110		
979	KOOW	Afsoomali	110		
980	QABYO	Afsoomali	110		
981	RAYID	Afsoomali	110		
982	WALAX	Afsoomali	110		
983	DAADAD	Afsoomali	109		
984	GABAYAA	Afsoomali	109		
985	HUBI	Afsoomali	109		
986	ISBITAAL	Afsoomali	109		
987	LAATIIN	Afsoomali	109		
988	XIDDIG	Afsoomali + Kaikki	109		
989	AFTI	Afsoomali	108		
990	CAYN	Afsoomali + Kaikki	108		
991	DIRO	Afsoomali	108		
992	FARAC	Afsoomali	108		
993	FURO	Afsoomali	108		
994	GAROON	Afsoomali	108		
995	GASHO	Afsoomali	108		
996	KANSARKA	Afsoomali	108		
997	MASAAJID	Afsoomali	108		
998	QAARAD	Afsoomali	108		
999	SHACAB	Afsoomali	108		
1000	SOCOD	Afsoomali + Kaikki	108		
1001	XIDIG	Afsoomali	108		
1002	XIRFADLE	Afsoomali	108		
1003	ALWAAX	Afsoomali	107		
1004	CIYAARI	Afsoomali	107		
1005	CUSBO	Afsoomali + Kaikki	107		
1006	HORSEED	Afsoomali	107		
1007	MIRO	Afsoomali + Kaikki	107		
1008	XUMO	Afsoomali	107		
1009	DHAX	Afsoomali	106		
1010	KABAN	Afsoomali	106		
1011	KHAFIIF	Afsoomali	106		
1012	MAC	Afsoomali + Kaikki	106		
1013	MED	Afsoomali	106		
1014	TALLAABO	Afsoomali	106		
1015	UDUB	Afsoomali	106		
1016	UUMI	Afsoomali + Kaikki	106		
1017	WADAAN	Afsoomali	106		
1018	AAKHIRO	Afsoomali	105		
1019	CADDAAN	Afsoomali + Kaikki	105		
1020	DHAAF	Afsoomali + Kaikki	105		
1021	GUDBIN	Afsoomali	105		
1022	SAAC	Afsoomali	105		
1023	SHIL	Afsoomali	105		
1024	URURIN	Afsoomali	105		
1025	BOOS	Afsoomali	104		
1026	GEES	Afsoomali + Kaikki	104		
1027	SAAFI	Afsoomali	104		
1028	SAHAL	Afsoomali	104		
1029	ASKAR	Afsoomali + Kaikki	103		
1030	BAAD	Afsoomali	103		
1031	JEEDIN	Afsoomali	103		
1032	SAACAD	Afsoomali	103		
1033	BUG	Afsoomali	102		
1034	GARGAAR	Afsoomali	102		
1035	XUSUUS	Afsoomali	102		
1036	BIIXI	Afsoomali	101		
1037	BOOQASHO	Afsoomali	101		
1038	CAAQIL	Afsoomali	101		
1039	DASTUUR	Afsoomali	101		
1040	NOOLAAN	Afsoomali + Kaikki	101		
1041	RAJO	Afsoomali	101		
1042	SALAAN	Afsoomali	101		
1043	SAMI	Afsoomali	101		
1044	AAR	Afsoomali + Kaikki	100		
1045	BEY	Afsoomali	100		
1046	FARO	Afsoomali	100		
1047	GARAD	Afsoomali	100		
1048	MISE	Afsoomali	100		
1049	SARAAR	Afsoomali	100		
1050	WADAAG	Afsoomali + Kaikki	100		
1051	YEERI	Afsoomali	100		
1052	BADWEYN	Afsoomali	99		
1053	BILOW	Afsoomali + Kaikki	99		
1054	BOY	Afsoomali	99		
1055	HURUUD	Afsoomali	99		
1056	ISA	Afsoomali	99		
1057	KAAGA	Afsoomali	99		
1058	TIMAHA	Kaikki	99		
1059	QARAX	Afsoomali	98		
1060	QAREEN	Afsoomali	98		
1061	TODDOBO	Afsoomali	98		
1062	BAALCAD	Afsoomali	97		
1063	BEDER	Afsoomali	97		
1064	MOOYEE	Afsoomali	97		
1065	QALAD	Afsoomali	97		
1066	QODOB	Afsoomali	97		
1067	BALLAC	Afsoomali	96		
1068	BARAN	Afsoomali	96		
1069	CALAN	Afsoomali + Kaikki	96		
1070	DAACAD	Afsoomali + Kaikki	96		
1071	FIRCOON	Afsoomali	96		
1072	GERI	Afsoomali + Kaikki	96		
1073	HAGAR	Afsoomali	96		
1074	HALGAN	Afsoomali	96		
1075	KARTI	Afsoomali	96		
1076	KONTON	Afsoomali + Kaikki	96		
1077	MIISAAN	Afsoomali	96		
1078	QAAMUUS	Afsoomali + Kaikki	96		
1079	FIISIKIS	Afsoomali	95		
1080	FIKRAD	Afsoomali	95		
1081	GACAL	Afsoomali	95		
1082	HADLI	Afsoomali	95		
1083	QAYBSAN	Afsoomali	95		
1084	SABUUR	Afsoomali	95		
1085	SEED	Afsoomali	95		
1086	XIRO	Afsoomali	95		
1087	ADKE	Afsoomali	94		
1088	FARIIN	Afsoomali	94		
1089	JAWI	Afsoomali	94		
1090	JID	Afsoomali + Kaikki	94		
1091	SONKOR	Afsoomali + Kaikki	94		
1092	AWAY	Afsoomali	93		
1093	AYEEY	Kaikki	93		
1094	BARIIS	Afsoomali + Kaikki	93		
1095	DABEECAD	Afsoomali	93		
1096	DHEXAAD	Afsoomali	93		
1097	GARRE	Afsoomali	93		
1098	HAYSO	Afsoomali	93		
1099	IIMAAN	Afsoomali	93		
1100	KARI	Afsoomali	93		
1101	KHIBRAD	Afsoomali	93		
1102	NADIIF	Afsoomali + Kaikki	93		
1103	NAXAAS	Afsoomali	93		
1104	RAALI	Kaikki	93		
1105	SOL	Afsoomali	93		
1106	CAADO	Afsoomali	92		
1107	CAR	Afsoomali	92		
1108	DHUXUL	Afsoomali	92		
1109	HUN	Afsoomali	92		
1110	QAXOOTI	Afsoomali	92		
1111	SAF	Afsoomali	92		
1112	SANI	Afsoomali	92		
1113	TABAN	Afsoomali	92		
1114	AKHRIS	Afsoomali	91		
1115	DAMBI	Afsoomali	91		
1116	DUN	Afsoomali	91		
1117	FARAX	Afsoomali	91		
1118	HASAN	Afsoomali	91		
1119	LID	Afsoomali	91		
1120	SEEN	Afsoomali	91		
1121	XAWAARE	Afsoomali	91		
1122	AALO	Afsoomali	90		
1123	ISKAGA	Afsoomali	90		
1124	KIIS	Afsoomali + Kaikki	90		
1125	CAYAAR	Afsoomali + Kaikki	89		
1126	QAAD	Afsoomali + Kaikki	89		
1127	SAMAFAL	Afsoomali	89		
1128	SHAKI	Afsoomali	89		
1129	SHILIN	Afsoomali	89		
1130	SUUFI	Afsoomali	89		
1131	XAFIIS	Afsoomali	89		
1132	ARI	Afsoomali	88		
1133	DAHIR	Kaikki	88		
1134	DEYN	Afsoomali	88		
1135	FICIL	Afsoomali	88		
1136	GEEDDI	Afsoomali	88		
1137	HAYN	Afsoomali	88		
1138	HIDDO	Afsoomali	88		
1139	HORRAYN	Afsoomali	88		
1140	JIIR	Afsoomali	88		
1141	SUBAX	Afsoomali	88		
1142	WALAAC	Afsoomali	88		
1143	CIRRO	Afsoomali	87		
1144	FIN	Afsoomali	87		
1145	GABDHO	Kaikki	87		
1146	GEGO	Afsoomali	87		
1147	KABTAN	Afsoomali	87		
1148	LIIS	Afsoomali	87		
1149	MURANSAN	Afsoomali	87		
1150	RAALLI	Afsoomali	87		
1151	RAY	Afsoomali	87		
1152	SIISO	Afsoomali	87		
1153	XAL	Afsoomali	87		
1154	BADI	Afsoomali	86		
1155	HORYAAL	Afsoomali	86		
1156	IDINKA	Afsoomali + Kaikki	86		
1157	ISKUUL	Afsoomali	86		
1158	KAYN	Afsoomali	86		
1159	MAGOOL	Afsoomali	86		
1160	SHAX	Afsoomali	86		
1161	WAXTAR	Afsoomali + Kaikki	86		
1162	BANGI	Afsoomali	85		
1163	DAAD	Afsoomali	85		
1164	DIFAAC	Afsoomali	85		
1165	FAC	Afsoomali	85		
1166	LAXAAD	Afsoomali	85		
1167	QAACI	Afsoomali	85		
1168	RAAXO	Afsoomali + Kaikki	85		
1169	RAJAB	Afsoomali	85		
1170	SAMAYSO	Afsoomali	85		
1171	UUR	Afsoomali	85		
1172	BADNAAN	Afsoomali	84		
1173	GURMAD	Afsoomali	84		
1174	JAMAAL	Afsoomali	84		
1175	KIISA	Afsoomali	84		
1176	LAAHI	Afsoomali	84		
1177	MADAR	Afsoomali	84		
1178	RAAS	Afsoomali	84		
1179	SOKOW	Afsoomali	84		
1180	AAMIN	Kaikki	83		
1181	JIILAAL	Afsoomali	83		
1182	KABAHA	Afsoomali	83		
1183	MARXUUM	Afsoomali	83		
1184	QAADIS	Afsoomali	83		
1185	QAAWAN	Afsoomali + Kaikki	83		
1186	SHEY	Afsoomali	83		
1187	TEL	Afsoomali	83		
1188	TUUR	Afsoomali	83		
1189	ASH	Afsoomali	82		
1190	KALSOONI	Afsoomali	82		
1191	KAY	Afsoomali	82		
1192	SAA	Afsoomali	82		
1193	SINNAAN	Afsoomali	82		
1194	TIN	Afsoomali	82		
1195	WEEYE	Afsoomali	82		
1196	BIYAANO	Afsoomali	81		
1197	CAALIM	Afsoomali	81		
1198	DAKAR	Afsoomali	81		
1199	DHIF	Afsoomali	81		
1200	EBER	Afsoomali + Kaikki	81		
1201	FASAX	Afsoomali	81		
1202	IDO	Afsoomali	81		
1203	JAALE	Kaikki	81		
1204	MASIIXI	Afsoomali	81		
1205	MAXAAD	Afsoomali	81		
1206	MOODO	Afsoomali	81		
1207	XAGAA	Afsoomali + Kaikki	81		
1208	XILDIID	Afsoomali	81		
1209	GAAL	Afsoomali + Kaikki	80		
1210	GOO	Afsoomali	80		
1211	KABO	Afsoomali	80		
1212	LAAB	Afsoomali + Kaikki	80		
1213	MIDNIMO	Afsoomali	80		
1214	QABIILO	Afsoomali	80		
1215	QOORTA	Kaikki	80		
1216	TAAGEERE	Afsoomali	80		
1217	TAALLO	Afsoomali	80		
1218	XUQUUQ	Afsoomali	80		
1219	CANSHUUR	Afsoomali	79		
1220	KAL	Afsoomali	79		
1221	KOOFUR	Afsoomali	79		
1222	LAABAN	Afsoomali	79		
1223	NUGUL	Afsoomali	79		
1224	SAHRA	Afsoomali	79		
1225	SAR	Afsoomali	79		
1226	SURWAAL	Afsoomali	79		
1227	TOBANAAD	Afsoomali	79		
1228	DARYEEL	Afsoomali	78		
1229	DEJIN	Afsoomali	78		
1230	HAATAN	Afsoomali	78		
1231	MAWDUUC	Afsoomali	78		
1232	MIYI	Afsoomali + Kaikki	78		
1233	OGGOL	Afsoomali	78		
1234	QAANSO	Afsoomali + Kaikki	78		
1235	RASAAS	Afsoomali	78		
1236	ALAAB	Afsoomali	77		
1237	BACAAD	Afsoomali	77		
1238	DHADHAN	Afsoomali	77		
1239	FARMAAJO	Afsoomali + Kaikki	77		
1240	FURQAAN	Afsoomali	77		
1241	HUBIN	Afsoomali	77		
1242	KAAN	Afsoomali	77		
1243	LIB	Afsoomali	77		
1244	NAF	Afsoomali	77		
1245	SHAAFICI	Afsoomali	77		
1246	SIYAABO	Afsoomali	77		
1247	XIGTO	Afsoomali	77		
1248	AKHRI	Afsoomali + Kaikki	76		
1249	AYAANLE	Afsoomali	76		
1250	BENGALI	Afsoomali	76		
1251	DABACSAN	Afsoomali	76		
1252	DEGO	Afsoomali	76		
1253	DHIBCO	Afsoomali	76		
1254	DURBAAN	Afsoomali	76		
1255	JINSI	Afsoomali	76		
1256	RIKOOR	Afsoomali	76		
1257	SAAS	Afsoomali + Kaikki	76		
1258	AGAB	Afsoomali	75		
1259	BURCAD	Afsoomali	75		
1260	DEMBI	Afsoomali	75		
1261	GURAY	Kaikki	75		
1262	IYANA	Afsoomali	75		
1263	JIHO	Afsoomali	75		
1264	LAXAN	Afsoomali	75		
1265	MADAL	Afsoomali	75		
1266	OOD	Afsoomali + Kaikki	75		
1267	QALAAD	Afsoomali	75		
1268	QARAAMI	Afsoomali	75		
1269	RABBI	Afsoomali	75		
1270	SILSILAD	Afsoomali	75		
1271	TAXA	Afsoomali	75		
1272	TOOBIN	Afsoomali	75		
1273	XAQIIJIN	Afsoomali	75		
1274	ABAAR	Afsoomali	74		
1275	DAKHLI	Afsoomali	74		
1276	DHALAN	Afsoomali	74		
1277	GAN	Afsoomali	74		
1278	KHARASH	Afsoomali	74		
1279	MAAMUUS	Afsoomali	74		
1280	QABATO	Afsoomali	74		
1281	SAAMI	Afsoomali	74		
1282	WAREEJIN	Afsoomali	74		
1283	XARIG	Afsoomali + Kaikki	74		
1284	XIDDIGIS	Afsoomali	74		
1285	AMAAH	Afsoomali	73		
1286	CAWL	Afsoomali + Kaikki	73		
1287	COLAAD	Afsoomali	73		
1288	JABAN	Afsoomali + Kaikki	73		
1289	QAAN	Afsoomali	73		
1290	SABTI	Afsoomali + Kaikki	73		
1291	SAHLAN	Afsoomali	73		
1292	SODDON	Afsoomali + Kaikki	73		
1293	WAREEGO	Afsoomali	73		
1294	XEEL	Afsoomali	73		
1295	AABBE	Afsoomali + Kaikki	72		
1296	DHAQMO	Afsoomali	72		
1297	DUULIYE	Afsoomali	72		
1298	HUFAN	Afsoomali	72		
1299	KANIISAD	Afsoomali + Kaikki	72		
1300	KORDHIN	Afsoomali	72		
1301	MASKAX	Afsoomali	72		
1302	QABSAN	Afsoomali	72		
1303	RAADIN	Afsoomali	72		
1304	SICIR	Afsoomali	72		
1305	TEEN	Afsoomali	72		
1306	AASAASI	Afsoomali	71		
1307	BILAD	Afsoomali	71		
1308	CEEB	Afsoomali	71		
1309	DABAAL	Afsoomali + Kaikki	71		
1310	IDIIN	Afsoomali	71		
1311	KORE	Afsoomali	71		
1312	QORRAX	Afsoomali	71		
1313	SAXAFI	Afsoomali	71		
1314	TOGAN	Afsoomali	71		
1315	WARAABE	Afsoomali + Kaikki	71		
1316	WARAN	Afsoomali + Kaikki	71		
1317	AALE	Afsoomali	70		
1318	AASAAS	Afsoomali	70		
1319	CUDBI	Afsoomali	70		
1320	DAYACTIR	Afsoomali	70		
1321	FALKAAB	Afsoomali	70		
1322	GAAJO	Afsoomali + Kaikki	70		
1323	ISBOORTI	Afsoomali	70		
1324	NIMCO	Afsoomali	70		
1325	RAACI	Afsoomali	70		
1326	CALEEN	Afsoomali + Kaikki	69		
1327	DIGNIIN	Afsoomali	69		
1328	HARAG	Afsoomali	69		
1329	HEE	Afsoomali	69		
1330	ILIG	Afsoomali + Kaikki	69		
1331	SHABEEL	Afsoomali + Kaikki	69		
1332	SOOYAAL	Afsoomali	69		
1333	WAREEGTO	Afsoomali	69		
1334	ABTI	Afsoomali + Kaikki	68		
1335	ANSAAR	Afsoomali	68		
1336	AWOOWE	Afsoomali	68		
1337	AYO	Afsoomali	68		
1338	DABAQ	Afsoomali	68		
1339	MAREEG	Afsoomali	68		
1340	NNKH	Kaikki	68		
1341	NOQO	Afsoomali + Kaikki	68		
1342	RAAC	Afsoomali + Kaikki	68		
1343	SOCDAAL	Afsoomali	68		
1344	TUR	Afsoomali	68		
1345	WAL	Afsoomali	68		
1346	XAMUUL	Afsoomali	68		
1347	XARFO	Afsoomali	68		
1348	BISAD	Afsoomali + Kaikki	67		
1349	CAWS	Afsoomali + Kaikki	67		
1350	FALAG	Afsoomali	67		
1351	GUDUUD	Afsoomali + Kaikki	67		
1352	LATALIYE	Afsoomali	67		
1353	LED	Afsoomali	67		
1354	QAYBIN	Afsoomali + Kaikki	67		
1355	ABYOONE	Afsoomali	66		
1356	GIDIR	Afsoomali	66		
1357	HAR	Afsoomali	66		
1358	HAWD	Afsoomali	66		
1359	IID	Afsoomali	66		
1360	JACEYL	Kaikki	66		
1361	JAMAC	Afsoomali	66		
1362	KORODHKA	Afsoomali	66		
1363	LAHAAN	Afsoomali	66		
1364	MACHAD	Afsoomali	66		
1365	MAL	Afsoomali	66		
1366	NAXWE	Afsoomali	66		
1367	OOGO	Afsoomali	66		
1368	QOLO	Afsoomali	66		
1369	SADAR	Afsoomali	66		
1370	SHEEG	Afsoomali + Kaikki	66		
1371	AALAD	Afsoomali	65		
1372	CASHO	Afsoomali	65		
1373	FAQ	Afsoomali	65		
1374	HUBAAL	Afsoomali	65		
1375	LUUL	Afsoomali	65		
1376	MUUJIN	Afsoomali	65		
1377	CABITAAN	Kaikki	64		
1378	CARRO	Afsoomali	64		
1379	CIDHIF	Afsoomali	64		
1380	DIIRAN	Afsoomali	64		
1381	DUUR	Afsoomali + Kaikki	64		
1382	JABIN	Afsoomali	64		
1383	KAAHIN	Afsoomali	64		
1384	MICNO	Afsoomali	64		
1385	MIILAADI	Afsoomali	64		
1386	MILIX	Afsoomali	64		
1387	MUGDI	Afsoomali + Kaikki	64		
1388	OGAAN	Afsoomali + Kaikki	64		
1389	OORI	Afsoomali	64		
1390	WOOD	Afsoomali	64		
1391	XUDDUN	Afsoomali	64		
1392	XULASHO	Afsoomali	64		
1393	BEERALEY	Afsoomali	63		
1394	FIRILEY	Afsoomali	63		
1395	FUR	Afsoomali + Kaikki	63		
1396	GEESI	Afsoomali + Kaikki	63		
1397	GORGOR	Afsoomali	63		
1398	HEERSARE	Kaikki	63		
1399	JAAN	Afsoomali	63		
1400	MUJAAHID	Afsoomali	63		
1401	SHIICA	Afsoomali	63		
1402	SUUL	Afsoomali + Kaikki	63		
1403	WEJI	Afsoomali	63		
1404	XASUUQ	Afsoomali	63		
1405	XIDID	Afsoomali	63		
1406	ALIF	Afsoomali	62		
1407	BALLI	Afsoomali	62		
1408	DHEDDIG	Afsoomali	62		
1409	KOODH	Afsoomali	62		
1410	LIXDAN	Afsoomali + Kaikki	62		
1411	MUCAARAD	Afsoomali	62		
1412	QABSO	Afsoomali	62		
1413	TIMIR	Afsoomali	62		
1414	WACYI	Afsoomali	62		
1415	ADDUUN	Afsoomali	61		
1416	ANSHAX	Afsoomali	61		
1417	DANAB	Afsoomali	61		
1418	FAAH	Afsoomali	61		
1419	FADAL	Afsoomali	61		
1420	KEEDA	Afsoomali	61		
1421	KHADAR	Afsoomali	61		
1422	KOOBAAD	Afsoomali	61		
1423	KUTUB	Afsoomali	61		
1424	LAAMI	Afsoomali	61		
1425	LAHJAD	Afsoomali	61		
1426	MAG	Afsoomali + Kaikki	61		
1427	MARKI	Afsoomali	61		
1428	QURXOON	Afsoomali	61		
1429	SAW	Afsoomali	61		
1430	SUD	Afsoomali	61		
1431	WEER	Afsoomali	61		
1432	BALWO	Afsoomali	60		
1433	BAS	Afsoomali	60		
1434	CAAFI	Afsoomali	60		
1435	CIQAAB	Afsoomali	60		
1436	DHABAR	Afsoomali + Kaikki	60		
1437	DUKAAN	Afsoomali	60		
1438	GAASHAAN	Afsoomali	60		
1439	GAB	Afsoomali	60		
1440	GALOOL	Afsoomali	60		
1441	RAD	Afsoomali	60		
1442	REEBBAN	Afsoomali	60		
1443	SHATI	Afsoomali	60		
1444	SUMAD	Afsoomali	60		
1445	XAG	Afsoomali	60		
1446	BAAR	Afsoomali	59		
1447	CUR	Afsoomali	59		
1448	DAMEER	Afsoomali + Kaikki	59		
1449	DANO	Afsoomali	59		
1450	DHAMMAAD	Afsoomali + Kaikki	59		
1451	DIBAD	Afsoomali	59		
1452	DOOLLO	Afsoomali	59		
1453	FIKIR	Afsoomali	59		
1454	FULIN	Afsoomali	59		
1455	ISIR	Afsoomali	59		
1456	JAY	Afsoomali	59		
1457	NAADIR	Afsoomali	59		
1458	SAHAN	Afsoomali	59		
1459	SAMO	Afsoomali	59		
1460	SANDUUQ	Afsoomali	59		
1461	SHIN	Afsoomali	59		
1462	SIGAAR	Afsoomali	59		
1463	SUUGO	Afsoomali	59		
1464	TIRAKOOB	Afsoomali	59		
1465	WAAL	Afsoomali	59		
1466	ALAN	Afsoomali	58		
1467	BAAHI	Afsoomali	58		
1468	BIXIYE	Afsoomali	58		
1469	BUUXIN	Afsoomali	58		
1470	DHEG	Afsoomali + Kaikki	58		
1471	DHUUBAN	Afsoomali	58		
1472	FADHI	Afsoomali + Kaikki	58		
1473	GARACAD	Afsoomali	58		
1474	GEERI	Afsoomali	58		
1475	GUJI	Afsoomali	58		
1476	IXTIRAAM	Afsoomali + Kaikki	58		
1477	NAQSHAD	Afsoomali	58		
1478	QALDAN	Afsoomali	58		
1479	TAXAN	Afsoomali	58		
1480	UKUN	Afsoomali + Kaikki	58		
1481	XAREED	Afsoomali	58		
1482	DAGO	Afsoomali	57		
1483	DAYO	Afsoomali	57		
1484	FAAHIN	Afsoomali	57		
1485	FATAH	Afsoomali	57		
1486	GADIID	Afsoomali	57		
1487	GASHAN	Afsoomali	57		
1488	GUDO	Afsoomali	57		
1489	KAB	Afsoomali + Kaikki	57		
1490	KHIYAANO	Afsoomali	57		
1491	MALYAN	Afsoomali	57		
1492	SHIIQ	Afsoomali	57		
1493	SUGE	Afsoomali	57		
1494	TAGTO	Afsoomali	57		
1495	WAN	Afsoomali	57		
1496	WARTA	Kaikki	57		
1497	BEERAN	Afsoomali	56		
1498	BENDER	Afsoomali	56		
1499	BOOLIIS	Afsoomali	56		
1500	CABBIR	Afsoomali	56		
